epoch,time,train/box_loss,train/cls_loss,train/dfl_loss,metrics/precision(B),metrics/recall(B),metrics/mAP50(B),metrics/mAP50-95(B),val/box_loss,val/cls_loss,val/dfl_loss,lr/pg0,lr/pg1,lr/pg2
1,2.71579,3.22393,4.88819,4.54973,0.00061,0.18182,0.00036,9e-05,2.78009,4.9634,4.15878,0.0002,0.0002,0.0002
2,3.96969,3.08783,4.57473,4.29862,0.00061,0.18182,0.00036,9e-05,2.78017,4.96185,4.15845,0.000417921,0.000417921,0.000417921
3,5.11997,3.00557,4.11456,4.03593,0.00061,0.18182,0.00036,9e-05,2.79391,4.97857,4.16923,0.000633664,0.000633664,0.000633664
4,6.23539,2.76982,3.70766,3.75395,0.00061,0.18182,0.00036,9e-05,2.84068,4.95692,4.20131,0.000847229,0.000847229,0.000847229
5,7.36017,2.68637,3.22245,3.37718,0.00061,0.18182,0.00036,5e-05,2.83473,5.03339,4.21683,0.00105862,0.00105862,0.00105862
6,8.39222,2.57944,3.11081,3.19695,0.00061,0.18182,0.00037,5e-05,2.81409,4.96577,4.17151,0.00126782,0.00126782,0.00126782
7,9.45616,2.49482,2.69131,3.15854,0.00121,0.36364,0.00162,0.00056,2.3168,4.9173,3.67523,0.00147486,0.00147486,0.00147486
8,10.5279,2.41658,2.43516,3.02517,0.00121,0.36364,0.00115,0.00053,2.10585,4.7133,3.45064,0.00167971,0.00167971,0.00167971
9,11.5412,2.27929,2.30595,2.88569,0.00212,0.63636,0.00466,0.00164,2.07698,4.53989,3.28404,0.00188238,0.00188238,0.00188238
10,12.5708,2.33425,2.19737,2.86506,0.00273,0.81818,0.33759,0.13538,1.80581,4.03229,2.76667,0.0019109,0.0019109,0.0019109
11,13.6669,2.19488,2.22575,2.83168,0.00182,0.54545,0.25075,0.09324,2.29636,4.00919,4.2949,0.001901,0.001901,0.001901
12,14.6459,2.24519,2.00871,2.88718,0.81965,0.36364,0.6916,0.261,2.0748,2.79078,3.0652,0.0018911,0.0018911,0.0018911
13,15.6195,2.08418,1.88535,2.7236,1,0.31717,0.76201,0.34976,1.57253,2.91879,2.71013,0.0018812,0.0018812,0.0018812
14,16.6167,2.08469,1.88259,2.74232,0.59339,0.36364,0.49575,0.19651,2.03153,2.73256,2.81095,0.0018713,0.0018713,0.0018713
15,17.5997,1.8887,1.61353,2.51087,0.77301,0.54545,0.66823,0.18624,2.33684,2.76151,3.03397,0.0018614,0.0018614,0.0018614
16,18.6651,1.95675,1.55796,2.57303,0.64149,0.18182,0.67295,0.30003,2.38776,2.77558,3.03055,0.0018515,0.0018515,0.0018515
17,19.6181,1.92241,1.52317,2.54064,0.75246,0.5535,0.68825,0.34498,1.75856,2.1905,2.55573,0.0018416,0.0018416,0.0018416
18,20.6034,1.7697,1.43343,2.49306,1,0.78983,0.95182,0.54557,1.62404,2.11106,2.60219,0.0018317,0.0018317,0.0018317
19,21.5964,1.82754,1.372,2.43336,1,0.25331,0.90109,0.42104,2.01066,2.93943,3.13472,0.0018218,0.0018218,0.0018218
20,22.6538,1.89363,1.38193,2.51008,1,0.48128,0.96324,0.51753,1.8059,2.76007,2.96929,0.0018119,0.0018119,0.0018119
21,23.5118,1.7495,1.29963,2.39791,1,0.68804,0.98,0.70295,1.39251,2.22893,2.25362,0.001802,0.001802,0.001802
22,24.4225,1.69728,1.25145,2.37323,1,0.5254,0.87902,0.32267,2.29156,2.38016,2.88658,0.0017921,0.0017921,0.0017921
23,25.428,1.68932,1.29251,2.42331,0.97294,1,0.995,0.56761,1.47976,1.35719,2.27556,0.0017822,0.0017822,0.0017822
24,26.4391,1.62711,1.2055,2.29568,1,0.79932,0.96071,0.60303,1.5179,1.41199,2.34123,0.0017723,0.0017723,0.0017723
25,27.5605,1.60038,1.11544,2.25485,0.99525,1,0.995,0.67758,1.31664,0.90935,2.1919,0.0017624,0.0017624,0.0017624
26,28.6109,1.57484,1.16153,2.2261,0.91414,0.96972,0.965,0.62934,1.3453,1.11502,2.2876,0.0017525,0.0017525,0.0017525
27,29.5603,1.4555,1.05133,2.09192,1,0.80142,0.97297,0.66132,1.26956,0.94106,2.11425,0.0017426,0.0017426,0.0017426
28,30.4967,1.58997,1.08818,2.21647,0.98745,1,0.995,0.69721,1.32844,0.89672,2.19519,0.0017327,0.0017327,0.0017327
29,31.5002,1.56695,1.05164,2.19114,1,0.84246,0.971,0.63005,1.49446,1.52924,2.15998,0.0017228,0.0017228,0.0017228
30,32.4109,1.62427,1.1047,2.22898,1,0.7213,0.995,0.65725,1.30417,1.57632,2.15862,0.0017129,0.0017129,0.0017129
31,33.3847,1.58657,1.11395,2.25629,0.91657,0.9988,0.98,0.7014,1.05204,1.25216,1.88517,0.001703,0.001703,0.001703
32,34.3503,1.48562,1.013,2.09435,0.89139,1,0.9725,0.67407,1.22994,0.95566,2.00298,0.0016931,0.0016931,0.0016931
33,35.299,1.45179,0.9962,2.10587,0.99012,1,0.995,0.76589,1.02236,0.81429,1.86851,0.0016832,0.0016832,0.0016832
34,36.4501,1.54089,1.05344,2.09257,0.91644,0.99725,0.965,0.70042,1.14385,0.99921,2.01622,0.0016733,0.0016733,0.0016733
35,37.5104,1.54472,1.0424,2.07406,0.99086,1,0.995,0.72534,1.09829,0.78687,1.86958,0.0016634,0.0016634,0.0016634
36,38.5095,1.45831,0.99778,2.01654,0.90786,1,0.9875,0.73621,0.97263,0.77671,1.80942,0.0016535,0.0016535,0.0016535
37,39.4172,1.45314,0.96797,2.0515,0.99197,1,0.995,0.76778,1.13142,0.82027,1.89474,0.0016436,0.0016436,0.0016436
38,40.4733,1.47513,0.96097,2.01757,0.9813,1,0.995,0.73538,0.90139,0.89645,1.7199,0.0016337,0.0016337,0.0016337
39,41.4686,1.3968,0.90106,1.96406,0.99037,1,0.995,0.69806,1.16233,0.85074,1.83939,0.0016238,0.0016238,0.0016238
40,42.5491,1.39722,0.92329,1.99363,0.97758,1,0.995,0.74062,0.99514,0.656,1.74717,0.0016139,0.0016139,0.0016139
41,43.5578,1.38516,0.90387,1.97465,0.99309,1,0.995,0.66594,1.2957,0.73158,1.9314,0.001604,0.001604,0.001604
42,44.6159,1.38767,0.8432,1.94534,0.99589,1,0.995,0.73458,1.11226,0.72581,1.92588,0.0015941,0.0015941,0.0015941
43,45.7645,1.29331,0.84046,1.89384,0.98997,1,0.995,0.78099,0.95228,0.66405,1.66125,0.0015842,0.0015842,0.0015842
44,46.8121,1.39931,0.86496,1.97184,0.99365,1,0.995,0.80608,0.93471,0.57637,1.67005,0.0015743,0.0015743,0.0015743
45,47.7645,1.28351,0.81057,1.83144,0.98992,1,0.995,0.71719,1.01266,0.81257,1.68814,0.0015644,0.0015644,0.0015644
46,48.6925,1.32382,0.83242,1.90102,0.99274,1,0.995,0.79561,0.88104,0.67845,1.6433,0.0015545,0.0015545,0.0015545
47,49.7588,1.40524,0.83876,1.9521,0.99422,1,0.995,0.73213,1.04333,0.67027,1.81023,0.0015446,0.0015446,0.0015446
48,50.8119,1.35267,0.85438,1.9086,0.99468,1,0.995,0.75699,0.98619,0.65493,1.74526,0.0015347,0.0015347,0.0015347
49,51.8312,1.31758,0.8376,1.86945,0.99037,1,0.995,0.7314,0.94922,0.73289,1.63891,0.0015248,0.0015248,0.0015248
50,52.8496,1.30925,0.82183,1.85848,0.98416,1,0.995,0.73925,0.90893,0.68606,1.59367,0.0015149,0.0015149,0.0015149
51,53.9667,1.34899,0.81328,1.90202,0.99199,1,0.995,0.71913,1.07179,0.72703,1.72826,0.001505,0.001505,0.001505
52,55.098,1.35191,0.82556,1.9175,1,0.99089,0.995,0.78726,0.91856,0.72205,1.61298,0.0014951,0.0014951,0.0014951
53,56.1244,1.28229,0.81578,1.85858,0.97629,1,0.995,0.683,1.21501,0.71719,1.87823,0.0014852,0.0014852,0.0014852
54,57.1735,1.34598,0.82671,1.91824,0.98817,1,0.995,0.67441,1.23376,0.76972,1.86471,0.0014753,0.0014753,0.0014753
55,58.1989,1.37648,0.82011,1.91028,1,0.89694,0.9875,0.66231,1.23904,0.86325,1.91432,0.0014654,0.0014654,0.0014654
56,59.2164,1.36195,0.81919,1.87254,0.98089,1,0.995,0.68957,1.2203,0.76542,1.83847,0.0014555,0.0014555,0.0014555
57,60.3218,1.22055,0.76507,1.78845,0.98331,1,0.995,0.69009,1.10166,0.62115,1.77049,0.0014456,0.0014456,0.0014456
58,61.3467,1.28766,0.76297,1.80388,1,0.99975,0.995,0.74219,0.95306,0.74253,1.71183,0.0014357,0.0014357,0.0014357
59,62.3775,1.21295,0.74003,1.79448,1,0.98293,0.995,0.71956,1.07668,0.78483,1.79721,0.0014258,0.0014258,0.0014258
60,63.4259,1.29355,0.77131,1.87126,0.99441,1,0.995,0.72327,0.96359,0.55377,1.65335,0.0014159,0.0014159,0.0014159
61,64.4982,1.26826,0.75058,1.79684,0.99399,1,0.995,0.78506,0.84103,0.57044,1.51917,0.001406,0.001406,0.001406
62,65.4363,1.22184,0.73132,1.80493,0.96474,1,0.995,0.7112,0.99274,0.77506,1.64325,0.0013961,0.0013961,0.0013961
63,66.3579,1.16673,0.69413,1.71014,0.99434,1,0.995,0.74645,0.86732,0.60985,1.5156,0.0013862,0.0013862,0.0013862
64,67.3094,1.21585,0.74666,1.77336,0.99158,1,0.995,0.73119,1.04144,0.61008,1.62628,0.0013763,0.0013763,0.0013763
65,68.2075,1.27271,0.76726,1.83036,0.98837,1,0.995,0.72111,1.05333,0.66609,1.68171,0.0013664,0.0013664,0.0013664
66,69.1904,1.33312,0.74788,1.89033,0.99452,1,0.995,0.77406,0.99409,0.60842,1.59696,0.0013565,0.0013565,0.0013565
67,70.122,1.35544,0.76232,1.89834,0.99406,1,0.995,0.80467,0.84067,0.56527,1.50592,0.0013466,0.0013466,0.0013466
68,71.0466,1.21565,0.74252,1.7799,0.99407,1,0.995,0.77622,0.90019,0.52882,1.47676,0.0013367,0.0013367,0.0013367
69,71.9715,1.20557,0.71947,1.72204,0.99445,1,0.995,0.77655,0.93172,0.58981,1.5411,0.0013268,0.0013268,0.0013268
70,72.9695,1.20293,0.70805,1.71003,0.99116,1,0.995,0.81396,0.77851,0.52073,1.40086,0.0013169,0.0013169,0.0013169
71,73.8992,1.25682,0.7211,1.79355,0.9944,1,0.995,0.80754,0.85062,0.55049,1.50817,0.001307,0.001307,0.001307
72,74.8801,1.18808,0.68337,1.72104,0.99363,1,0.995,0.78705,0.95856,0.56395,1.55841,0.0012971,0.0012971,0.0012971
73,75.8635,1.13834,0.68922,1.66632,0.99408,1,0.995,0.75761,0.91243,0.51446,1.52172,0.0012872,0.0012872,0.0012872
74,76.9564,1.18481,0.686,1.71083,0.99468,1,0.995,0.77067,0.90686,0.55214,1.49114,0.0012773,0.0012773,0.0012773
75,78.0671,1.20239,0.68559,1.77405,0.994,1,0.995,0.74401,0.97917,0.54544,1.55061,0.0012674,0.0012674,0.0012674
76,79.078,1.16468,0.6685,1.67914,0.97772,1,0.995,0.78079,0.8559,0.54404,1.48482,0.0012575,0.0012575,0.0012575
77,80.0757,1.19886,0.69568,1.75858,0.99473,1,0.995,0.7577,0.92083,0.47886,1.52996,0.0012476,0.0012476,0.0012476
78,81.0801,1.23947,0.75656,1.78818,0.99369,1,0.995,0.80509,0.79256,0.50416,1.43887,0.0012377,0.0012377,0.0012377
79,82.1629,1.16956,0.6733,1.67863,0.99455,1,0.995,0.78384,0.8716,0.53706,1.49229,0.0012278,0.0012278,0.0012278
80,83.2406,1.19562,0.67864,1.71037,0.99503,1,0.995,0.72842,0.97748,0.54396,1.59044,0.0012179,0.0012179,0.0012179
81,84.2397,1.15117,0.67906,1.69466,0.99472,1,0.995,0.84617,0.73917,0.5189,1.41255,0.001208,0.001208,0.001208
82,85.3228,1.17662,0.69078,1.71426,0.99398,1,0.995,0.75971,0.94023,0.59745,1.52443,0.0011981,0.0011981,0.0011981
83,86.3629,1.21027,0.71978,1.71622,0.99338,1,0.995,0.76977,1.02373,0.56014,1.55756,0.0011882,0.0011882,0.0011882
84,87.5146,1.10404,0.63122,1.62823,0.98764,1,0.995,0.72116,0.9651,0.70244,1.56648,0.0011783,0.0011783,0.0011783
85,88.5272,1.1084,0.66313,1.66714,0.99327,1,0.995,0.79644,0.78576,0.64388,1.39609,0.0011684,0.0011684,0.0011684
86,89.5666,1.08006,0.65033,1.65329,0.99326,1,0.995,0.78136,0.85498,0.55756,1.48438,0.0011585,0.0011585,0.0011585
87,90.5671,1.23718,0.68993,1.76319,0.99359,1,0.995,0.81867,0.8342,0.54389,1.4383,0.0011486,0.0011486,0.0011486
88,91.6531,1.07731,0.65187,1.60503,0.9949,1,0.995,0.79275,0.89881,0.47017,1.49629,0.0011387,0.0011387,0.0011387
89,92.6386,1.13534,0.64298,1.68032,0.99483,1,0.995,0.78323,0.86691,0.48517,1.45417,0.0011288,0.0011288,0.0011288
90,93.631,1.14316,0.64483,1.62962,0.9944,1,0.995,0.80491,0.77172,0.45529,1.41272,0.0011189,0.0011189,0.0011189
91,94.6353,1.12191,0.6315,1.64139,0.99501,1,0.995,0.79454,0.93036,0.55752,1.50435,0.001109,0.001109,0.001109
92,95.6409,1.16079,0.68435,1.73519,0.99503,1,0.995,0.80558,0.85556,0.52289,1.4409,0.0010991,0.0010991,0.0010991
93,96.7104,1.06351,0.6352,1.63996,0.99486,1,0.995,0.77332,0.90362,0.46154,1.49872,0.0010892,0.0010892,0.0010892
94,97.7011,1.10365,0.63808,1.65237,0.99438,1,0.995,0.76335,0.88503,0.52176,1.44516,0.0010793,0.0010793,0.0010793
95,98.7035,1.14673,0.66231,1.69909,0.99464,1,0.995,0.79871,0.7502,0.4682,1.39748,0.0010694,0.0010694,0.0010694
96,99.6989,1.17389,0.65291,1.70849,0.99475,1,0.995,0.77948,0.84633,0.49071,1.42301,0.0010595,0.0010595,0.0010595
97,100.743,1.14033,0.62411,1.67327,0.99483,1,0.995,0.76534,0.94224,0.48786,1.51219,0.0010496,0.0010496,0.0010496
98,101.747,1.05438,0.60271,1.59972,0.99277,1,0.995,0.80899,0.81295,0.47603,1.43839,0.0010397,0.0010397,0.0010397
99,102.743,1.08625,0.61706,1.57241,0.99483,1,0.995,0.80957,0.89714,0.48448,1.49473,0.0010298,0.0010298,0.0010298
100,103.765,1.11532,0.60708,1.64341,0.99419,1,0.995,0.79786,0.927,0.50413,1.50601,0.0010199,0.0010199,0.0010199
101,104.768,1.10594,0.59763,1.61779,0.99442,1,0.995,0.7942,0.84658,0.442,1.44517,0.00101,0.00101,0.00101
102,105.889,1.08392,0.58472,1.61495,0.99488,1,0.995,0.80624,0.88033,0.46114,1.49053,0.0010001,0.0010001,0.0010001
103,106.907,1.06704,0.59818,1.61521,0.9948,1,0.995,0.75685,0.89773,0.46773,1.49255,0.0009902,0.0009902,0.0009902
104,107.834,1.09734,0.59864,1.64079,0.99425,1,0.995,0.83168,0.77808,0.47262,1.33569,0.0009803,0.0009803,0.0009803
105,108.741,1.10102,0.65081,1.6819,0.99401,1,0.995,0.77537,0.91523,0.48469,1.44308,0.0009704,0.0009704,0.0009704
106,109.647,1.02822,0.59416,1.57271,0.99455,1,0.995,0.78973,0.86475,0.45137,1.4444,0.0009605,0.0009605,0.0009605
107,110.658,1.0995,0.61919,1.63892,0.99406,1,0.995,0.74324,0.99108,0.51415,1.59197,0.0009506,0.0009506,0.0009506
108,111.595,1.05914,0.59769,1.59818,0.99432,1,0.995,0.78695,0.92573,0.50435,1.50873,0.0009407,0.0009407,0.0009407
109,112.502,1.09526,0.60817,1.61034,0.99453,1,0.995,0.73975,1.01559,0.51732,1.5789,0.0009308,0.0009308,0.0009308
110,113.43,1.13041,0.63233,1.6237,0.99508,1,0.995,0.79987,0.77834,0.4907,1.36064,0.0009209,0.0009209,0.0009209
111,114.363,1.14951,0.63842,1.70727,0.99447,1,0.995,0.76781,0.90094,0.47049,1.44653,0.000911,0.000911,0.000911
112,115.405,1.08178,0.59661,1.61367,0.99486,1,0.995,0.83329,0.78614,0.47647,1.36194,0.0009011,0.0009011,0.0009011
113,116.41,1.08349,0.59622,1.62818,0.99475,1,0.995,0.79054,0.9002,0.50109,1.48009,0.0008912,0.0008912,0.0008912
114,117.446,1.06389,0.61745,1.61694,0.99418,1,0.995,0.8363,0.75889,0.41786,1.33607,0.0008813,0.0008813,0.0008813
115,118.5,1.05965,0.57921,1.57534,0.99438,1,0.995,0.80614,0.85018,0.46472,1.44576,0.0008714,0.0008714,0.0008714
116,119.63,1.07563,0.57277,1.57404,0.99521,1,0.995,0.78682,0.87533,0.44525,1.41434,0.0008615,0.0008615,0.0008615
117,120.625,1.05057,0.60751,1.60895,0.9946,1,0.995,0.77751,0.92607,0.50215,1.44731,0.0008516,0.0008516,0.0008516
118,121.672,1.09268,0.58276,1.63761,0.99498,1,0.995,0.77799,0.91146,0.45965,1.51251,0.0008417,0.0008417,0.0008417
119,122.642,1.0986,0.61761,1.60823,0.99497,1,0.995,0.77008,0.94048,0.46827,1.499,0.0008318,0.0008318,0.0008318
120,123.665,1.05512,0.57337,1.59227,0.99432,1,0.995,0.82564,0.77131,0.42519,1.33578,0.0008219,0.0008219,0.0008219
121,124.664,1.0197,0.58816,1.5539,0.9942,1,0.995,0.84201,0.74219,0.42002,1.32109,0.000812,0.000812,0.000812
122,125.706,1.04409,0.58549,1.55738,0.99481,1,0.995,0.76654,0.94091,0.48289,1.45416,0.0008021,0.0008021,0.0008021
123,126.741,1.05226,0.60331,1.55634,0.99416,1,0.995,0.81555,0.80544,0.44458,1.37103,0.0007922,0.0007922,0.0007922
124,127.786,1.0731,0.58823,1.61342,0.9943,1,0.995,0.81119,0.83921,0.44188,1.38745,0.0007823,0.0007823,0.0007823
125,128.893,1.05706,0.57733,1.56853,0.99483,1,0.995,0.78993,0.90822,0.46593,1.4389,0.0007724,0.0007724,0.0007724
126,129.935,1.06974,0.59476,1.60927,0.99429,1,0.995,0.79881,0.84986,0.47151,1.38392,0.0007625,0.0007625,0.0007625
127,130.996,1.07903,0.60657,1.6151,0.99461,1,0.995,0.78916,0.85794,0.457,1.41473,0.0007526,0.0007526,0.0007526
128,132.039,1.12278,0.58942,1.60136,0.99433,1,0.995,0.78487,0.85253,0.42858,1.43295,0.0007427,0.0007427,0.0007427
129,133.144,1.01163,0.56318,1.60969,0.9946,1,0.995,0.82003,0.85495,0.40968,1.41891,0.0007328,0.0007328,0.0007328
130,134.197,1.01974,0.55979,1.55586,0.99483,1,0.995,0.7833,0.87685,0.4076,1.41625,0.0007229,0.0007229,0.0007229
131,135.271,0.95958,0.53613,1.47525,0.99492,1,0.995,0.77694,0.89837,0.45019,1.44567,0.000713,0.000713,0.000713
132,136.328,1.0393,0.54454,1.57663,0.99469,1,0.995,0.73423,0.95148,0.44252,1.51594,0.0007031,0.0007031,0.0007031
133,137.332,1.04431,0.56135,1.59551,0.9947,1,0.995,0.78642,0.93333,0.44048,1.4727,0.0006932,0.0006932,0.0006932
134,138.452,1.02198,0.55287,1.52336,0.99489,1,0.995,0.79393,0.89003,0.4326,1.45475,0.0006833,0.0006833,0.0006833
135,139.493,0.99364,0.5633,1.53487,0.99486,1,0.995,0.79417,0.80812,0.39409,1.36543,0.0006734,0.0006734,0.0006734
136,140.535,1.03894,0.5721,1.62462,0.99495,1,0.995,0.80688,0.73776,0.41236,1.31098,0.0006635,0.0006635,0.0006635
137,141.55,1.0032,0.54273,1.55696,0.99494,1,0.995,0.83179,0.74117,0.43453,1.31523,0.0006536,0.0006536,0.0006536
138,142.658,1.01057,0.5456,1.51884,0.99478,1,0.995,0.80345,0.84883,0.39888,1.38764,0.0006437,0.0006437,0.0006437
139,143.7,1.0636,0.57638,1.59074,0.99498,1,0.995,0.79868,0.82697,0.42362,1.36382,0.0006338,0.0006338,0.0006338
140,144.731,1.0484,0.56059,1.55975,0.99452,1,0.995,0.79813,0.91699,0.44068,1.44819,0.0006239,0.0006239,0.0006239
141,145.731,0.97463,0.5508,1.50143,0.99454,1,0.995,0.77898,0.9146,0.42594,1.42614,0.000614,0.000614,0.000614
142,146.791,0.93191,0.51634,1.48544,0.99422,1,0.995,0.80877,0.82765,0.47228,1.33623,0.0006041,0.0006041,0.0006041
143,147.995,0.97242,0.53278,1.54218,0.99301,1,0.995,0.81023,0.80818,0.40953,1.3624,0.0005942,0.0005942,0.0005942
144,149.155,0.96217,0.53283,1.48893,0.99485,1,0.995,0.78385,0.83187,0.44321,1.39894,0.0005843,0.0005843,0.0005843
145,150.243,1.02168,0.52857,1.52725,0.99491,1,0.995,0.82443,0.82015,0.40565,1.36563,0.0005744,0.0005744,0.0005744
146,151.348,0.96262,0.53762,1.49775,0.99504,1,0.995,0.76998,0.90215,0.40726,1.47139,0.0005645,0.0005645,0.0005645
147,152.743,0.97323,0.52301,1.50865,0.99495,1,0.995,0.79584,0.83802,0.44604,1.42345,0.0005546,0.0005546,0.0005546
148,153.806,1.03481,0.56334,1.52819,0.99474,1,0.995,0.80486,0.83827,0.38959,1.39171,0.0005447,0.0005447,0.0005447
149,154.853,1.01592,0.55005,1.57828,0.99472,1,0.995,0.79584,0.87945,0.39276,1.41432,0.0005348,0.0005348,0.0005348
150,155.928,1.01515,0.53835,1.54145,0.9951,1,0.995,0.81836,0.87671,0.39655,1.41203,0.0005249,0.0005249,0.0005249
151,157.091,1.03083,0.54766,1.55627,0.99468,1,0.995,0.80767,0.87491,0.40157,1.38796,0.000515,0.000515,0.000515
152,158.145,0.99118,0.54081,1.50039,0.99465,1,0.995,0.79737,0.88118,0.40751,1.41412,0.0005051,0.0005051,0.0005051
153,159.154,0.93851,0.51583,1.48103,0.99488,1,0.995,0.79626,0.8335,0.39014,1.35895,0.0004952,0.0004952,0.0004952
154,160.213,0.92757,0.53155,1.45368,0.9949,1,0.995,0.77962,0.84971,0.44175,1.38143,0.0004853,0.0004853,0.0004853
155,161.286,1.02232,0.54965,1.55372,0.99508,1,0.995,0.83042,0.7964,0.41686,1.31151,0.0004754,0.0004754,0.0004754
156,162.456,0.96478,0.53147,1.50097,0.99484,1,0.995,0.85011,0.73647,0.41614,1.27127,0.0004655,0.0004655,0.0004655
157,163.509,1.01454,0.54619,1.56019,0.99464,1,0.995,0.82555,0.80131,0.42019,1.31631,0.0004556,0.0004556,0.0004556
158,164.552,0.99596,0.55174,1.54741,0.99487,1,0.995,0.82059,0.8438,0.39903,1.35336,0.0004457,0.0004457,0.0004457
159,165.589,0.95169,0.51862,1.52398,0.99512,1,0.995,0.79287,0.8815,0.39826,1.40201,0.0004358,0.0004358,0.0004358
160,166.658,1.01513,0.53983,1.55572,0.99467,1,0.995,0.78955,0.85099,0.37963,1.39362,0.0004259,0.0004259,0.0004259
161,167.74,0.97792,0.54072,1.53153,0.99465,1,0.995,0.79317,0.85155,0.38782,1.38854,0.000416,0.000416,0.000416
162,168.741,1.01791,0.53283,1.5205,0.99471,1,0.995,0.74737,0.97654,0.43632,1.55667,0.0004061,0.0004061,0.0004061
163,169.752,1.0494,0.53889,1.58138,0.99515,1,0.995,0.75233,0.99246,0.44893,1.53134,0.0003962,0.0003962,0.0003962
164,170.756,0.98823,0.53472,1.54686,0.99499,1,0.995,0.7941,0.86934,0.39891,1.38231,0.0003863,0.0003863,0.0003863
165,171.841,0.96435,0.51392,1.52408,0.99512,1,0.995,0.81891,0.84996,0.42634,1.37482,0.0003764,0.0003764,0.0003764
166,172.845,0.9831,0.54158,1.50051,0.99497,1,0.995,0.78668,0.8913,0.44213,1.43552,0.0003665,0.0003665,0.0003665
167,173.856,0.97307,0.53199,1.51512,0.99491,1,0.995,0.82207,0.83137,0.39161,1.36579,0.0003566,0.0003566,0.0003566
168,174.863,0.96282,0.53618,1.53076,0.99498,1,0.995,0.81552,0.82603,0.38188,1.34921,0.0003467,0.0003467,0.0003467
169,175.842,0.97104,0.52017,1.50573,0.99501,1,0.995,0.83433,0.81077,0.38925,1.36045,0.0003368,0.0003368,0.0003368
170,176.928,0.9384,0.51168,1.46372,0.99501,1,0.995,0.83143,0.83361,0.38219,1.36201,0.0003269,0.0003269,0.0003269
171,177.944,0.99622,0.51479,1.53911,0.99508,1,0.995,0.81165,0.83639,0.391,1.33111,0.000317,0.000317,0.000317
172,178.986,0.9163,0.48148,1.46394,0.99492,1,0.995,0.80303,0.88414,0.42248,1.39115,0.0003071,0.0003071,0.0003071
173,180.001,1.00171,0.51974,1.55689,0.99497,1,0.995,0.79226,0.88429,0.41035,1.40725,0.0002972,0.0002972,0.0002972
174,181.049,1.00035,0.54103,1.52907,0.99506,1,0.995,0.77283,0.89755,0.39491,1.3781,0.0002873,0.0002873,0.0002873
175,182.233,0.92513,0.48934,1.46395,0.99506,1,0.995,0.78128,0.90127,0.40382,1.3814,0.0002774,0.0002774,0.0002774
176,183.316,0.89708,0.49808,1.4433,0.99506,1,0.995,0.80588,0.82852,0.36821,1.36289,0.0002675,0.0002675,0.0002675
177,184.352,0.94561,0.50541,1.51963,0.99499,1,0.995,0.8094,0.8183,0.35946,1.35902,0.0002576,0.0002576,0.0002576
178,185.398,0.95066,0.49474,1.49017,0.99503,1,0.995,0.81262,0.85263,0.37981,1.35807,0.0002477,0.0002477,0.0002477
179,186.599,0.9382,0.497,1.4574,0.99506,1,0.995,0.80169,0.89706,0.39971,1.42527,0.0002378,0.0002378,0.0002378
180,187.655,0.93273,0.50179,1.49846,0.9951,1,0.995,0.78123,0.94653,0.40259,1.49922,0.0002279,0.0002279,0.0002279
181,188.665,0.94755,0.49506,1.46062,0.99489,1,0.995,0.82328,0.89427,0.39141,1.42467,0.000218,0.000218,0.000218
182,189.686,0.88827,0.48678,1.41974,0.99506,1,0.995,0.8067,0.83938,0.38402,1.33918,0.0002081,0.0002081,0.0002081
183,190.822,1.00752,0.54078,1.51669,0.99507,1,0.995,0.82138,0.83145,0.37305,1.33043,0.0001982,0.0001982,0.0001982
184,191.85,0.85611,0.46256,1.44834,0.99509,1,0.995,0.81105,0.86097,0.37242,1.39276,0.0001883,0.0001883,0.0001883
185,192.88,0.93224,0.48944,1.44613,0.99507,1,0.995,0.81043,0.87783,0.37205,1.41921,0.0001784,0.0001784,0.0001784
186,193.933,0.92733,0.48077,1.45841,0.99499,1,0.995,0.81088,0.85065,0.38229,1.3932,0.0001685,0.0001685,0.0001685
187,194.974,0.93745,0.49126,1.4522,0.99497,1,0.995,0.80682,0.83058,0.34884,1.37461,0.0001586,0.0001586,0.0001586
188,196.14,0.88707,0.47631,1.43147,0.995,1,0.995,0.82732,0.82452,0.34267,1.36258,0.0001487,0.0001487,0.0001487
189,197.167,0.88399,0.45572,1.4103,0.99506,1,0.995,0.82288,0.82866,0.36062,1.36818,0.0001388,0.0001388,0.0001388
190,198.222,0.90249,0.49519,1.46135,0.99504,1,0.995,0.81785,0.8453,0.3614,1.36393,0.0001289,0.0001289,0.0001289
191,200.525,0.7906,0.44516,1.42875,0.99496,1,0.995,0.81753,0.83923,0.37022,1.35477,0.000119,0.000119,0.000119
192,201.755,0.82809,0.45058,1.4697,0.99483,1,0.995,0.80263,0.83914,0.37048,1.35507,0.0001091,0.0001091,0.0001091
193,202.795,0.82496,0.44146,1.45851,0.99473,1,0.995,0.81615,0.83119,0.37157,1.34914,9.92e-05,9.92e-05,9.92e-05
194,203.852,0.78416,0.42619,1.41398,0.99476,1,0.995,0.82025,0.82046,0.36473,1.35643,8.93e-05,8.93e-05,8.93e-05
195,204.919,0.78859,0.42122,1.42838,0.99491,1,0.995,0.79282,0.80977,0.37129,1.35709,7.94e-05,7.94e-05,7.94e-05
196,206.088,0.78625,0.42586,1.4283,0.99492,1,0.995,0.82607,0.80355,0.36296,1.34956,6.95e-05,6.95e-05,6.95e-05
197,207.113,0.78345,0.4189,1.42323,0.99505,1,0.995,0.81737,0.80394,0.35645,1.34355,5.96e-05,5.96e-05,5.96e-05
198,208.149,0.76503,0.40906,1.40502,0.99499,1,0.995,0.81986,0.80916,0.35711,1.34142,4.97e-05,4.97e-05,4.97e-05
199,209.174,0.83343,0.42735,1.46894,0.99498,1,0.995,0.80699,0.80984,0.35212,1.34542,3.98e-05,3.98e-05,3.98e-05
200,210.2,0.81326,0.42446,1.44816,0.99498,1,0.995,0.82756,0.80974,0.34877,1.34867,2.99e-05,2.99e-05,2.99e-05
